,Focinho_OrelhaE,Focinho_OrelhaE,Focinho_OrelhaE,Focinho_OrelhaD,Focinho_OrelhaD,Focinho_OrelhaD,OrelhaD_OrelhaE,OrelhaD_OrelhaE,OrelhaD_OrelhaE,OrelhaE_Rabo,OrelhaE_Rabo,OrelhaE_Rabo,OrelhaD_Rabo,OrelhaD_Rabo,OrelhaD_Rabo
,length,orientation,likelihood,length,orientation,likelihood,length,orientation,likelihood,length,orientation,likelihood,length,orientation,likelihood
0,44.142736930803295,330.5156325101122,0.9995834231376648,43.22161732092769,290.0766789666512,0.9992876648902893,30.206992958280868,38.656445336577164,0.9995834231376648,99.82229235253129,321.10710396412304,0.9996780157089233,110.35015156615715,336.61076291716785,0.9996780157089233
1,45.18813440984633,328.2499545288551,0.9998468160629272,40.6512777029012,291.40650671377597,0.9996451139450073,27.46539523130597,30.811678027170377,0.9998468160629272,109.70387394931493,315.08976239462044,0.9996472597122192,119.48012399882609,327.96174268232676,0.9996472597122192
2,44.65099368401075,329.38191797422127,0.9997552037239075,38.97941929748144,292.37313974660987,0.9996401071548462,27.08182734601544,29.422643314362503,0.9997552037239075,120.95502254738409,309.9662436441378,0.999426007270813,128.69473980197242,321.9059132012362,0.999426007270813
3,49.341287599424305,329.08423724712765,0.999692440032959,44.658540435495624,293.8570331218274,0.9992477893829346,28.792025585408787,32.55293114371529,0.999692440032959,130.47377355966788,304.2877962534445,0.9996422529220581,134.46131345450988,316.6464538914502,0.9996422529220581
4,47.47963351635462,329.2491104613087,0.9998301267623901,39.141127412880344,294.809479910949,0.9970237612724304,26.85152231428257,24.774494743317153,0.9998301267623901,139.85059103846245,301.12289630650804,0.9997759461402893,145.29159246152904,311.70696177677956,0.9997759461402893
5,43.276352100064095,342.2009016151228,0.9998669624328613,34.000686169539684,301.23272679788505,0.9986536502838135,28.404562189326338,33.904062523757496,0.9998669624328613,147.48842870792768,296.3728736376267,0.999861478805542,146.49742558962365,307.45516310514614,0.999861478805542
6,50.195086348103956,357.85584468039974,0.9998120665550232,32.188637170708915,320.0333131317731,0.9995319843292236,31.671898452066607,36.40769488937448,0.9998120665550232,147.13392385053803,294.57644839831613,0.999764621257782,144.01603419125536,307.00648027905817,0.999764621257782
7,49.48511481847178,7.352053790685832,0.9973253011703491,33.738215784672086,323.6654348308393,0.9999275207519531,34.24121357373771,50.240026364511564,0.9973253011703491,147.4818920901082,296.6600094166732,0.9998852014541626,137.41581061676092,309.8613504089483,0.9998852014541626
8,48.743401868988045,8.161971455247773,0.9979603290557861,34.00318297884237,324.6279119071181,0.999871015548706,33.60025082626833,52.35241585457507,0.9979603290557861,139.7972243025314,299.0886234326932,0.9999343156814575,130.23733788580668,312.7991524429681,0.9999343156814575
9,49.488243402950935,8.941947819938695,0.9993694424629211,34.85434140092633,328.81573461179545,0.9998288154602051,32.03330745520708,53.46767791625765,0.9993694424629211,140.699856537523,301.267421015538,0.9998675584793091,131.97206657289166,314.2546723684226,0.9998675584793091
10,50.91090657162136,8.196338614108358,0.9998726844787598,37.09679670530308,330.04896673404966,0.9999364614486694,31.584175539591154,54.70643714203064,0.9998726844787598,143.36009503545998,302.04260641068294,0.9999388456344604,134.38845034581865,314.5680710260045,0.9999388456344604
11,53.342327933263974,7.192809208374081,0.9989677667617798,42.2077223683345,328.28958991070203,0.9991258978843689,33.50657957301431,59.48034447254964,0.9989677667617798,151.10714967493226,303.13983983804894,0.9998780488967896,139.50997106208732,315.5692649198008,0.9998780488967896
12,54.608344991471874,14.8455344928287,0.9997934699058533,42.06710605568822,334.846184040295,0.9995618462562561,35.10187519448349,65.2286098883392,0.9997934699058533,155.1615230293876,304.19983722295257,0.9997510313987732,140.3291941872072,316.5770385802854,0.9997510313987732
13,54.55954082287612,18.34979878849102,0.99964439868927,38.470043699349205,337.4676016152605,0.9997826218605042,35.8175968295264,63.01596936778769,0.99964439868927,151.45759907595604,304.2356182412323,0.9998239874839783,137.8357183076246,317.40069895643694,0.9998239874839783
14,49.45970784020558,25.247063601301743,0.9988712668418884,35.04097449286066,340.0586814193172,0.9998974800109863,35.088570354164624,70.3572678856524,0.9988712668418884,154.01485610168243,305.65740366327003,0.9997363686561584,137.10889176248574,317.80328153466985,0.9997363686561584
15,49.54138300462636,26.501535982917122,0.9989948868751526,35.809413499961366,342.80340789143145,0.9998797178268433,34.22610100555242,72.78918360362557,0.9989948868751526,153.2030006811985,305.68927922157076,0.9999061822891235,135.3392303909518,317.3257968370565,0.9999061822891235
16,55.203010300501745,16.800417718072982,0.9978329539299011,43.357758313413,338.6299965732107,0.9996581077575684,34.11563002722528,68.56025576437284,0.9978329539299011,151.32405811873127,306.0520607352746,0.9999037981033325,136.06603588494306,318.25898885298125,0.9999037981033325
17,54.25124907240175,6.8778640100638,0.9998117089271545,40.88875143901189,330.21660028458854,0.9998435974121094,32.49912698019057,55.57398515929805,0.9998117089271545,155.33428771346797,306.7127717474984,0.9999306201934814,148.0573633384823,318.7013821147119,0.9999306201934814
18,56.4990897216174,10.434917941692596,0.9996281862258911,41.534595426217585,336.0171348811534,0.9996356964111328,32.335119619144606,56.989632136270465,0.9996281862258911,153.61637625116066,306.9326285345043,0.99967360496521,145.72747658234042,318.9630217573145,0.99967360496521
19,53.946721390730495,6.919164019036037,0.9992807507514954,42.59526155970702,329.44126441928404,0.9991834759712219,32.82488429972489,59.06385994006725,0.9992807507514954,146.42789294875809,310.2300039181313,0.9988110065460205,139.3387878524424,323.11312890676123,0.9988110065460205
20,54.2061066943558,358.33414090814205,0.998859167098999,44.59184357515077,320.76194245632377,0.9991140961647034,33.09286232534571,53.58323741297259,0.998859167098999,138.8117162428814,315.27998383192465,0.9995357990264893,137.9748612411689,329.0091611279832,0.9995357990264893
21,55.12970587785789,357.1680427628776,0.99986732006073,44.90887091583371,322.25438040319136,0.9998346567153931,31.5544248039267,51.71265697153003,0.99986732006073,135.425808782371,318.6904458154641,0.9999262094497681,137.42354268246564,331.9460177355874,0.9999262094497681
22,50.57859655178254,351.82840950380944,0.9989776611328125,44.072273057499146,315.7774236962971,0.9995253086090088,29.935117104731827,51.87506173559432,0.9989776611328125,148.56238552413586,321.4954682618194,0.9997720122337341,151.35378040668962,332.9025254681882,0.9997720122337341
23,49.33394853642418,352.0589339437594,0.9983029365539551,43.802585163645595,313.88927173872133,0.9996954202651978,30.898030483498456,53.23394558852661,0.9983029365539551,158.61894506023228,322.29946492103403,0.9995402097702026,161.10492348869752,333.3551383141147,0.9995402097702026
24,54.42912661386087,358.1321864474028,0.9982020854949951,47.62361567843245,318.54698985665357,0.9997017979621887,35.14501370376243,57.841574344689384,0.9982020854949951,161.34032219880618,320.9403844780178,0.9999454021453857,160.94474838568047,333.4606459437514,0.9999454021453857
25,53.44473571673302,358.9661330067353,0.9993811845779419,44.97800253744373,319.57025824522947,0.9999010562896729,34.11874804369722,55.757109457181954,0.9993811845779419,155.72274311435964,320.3438132957667,0.9995481371879578,156.240838338552,332.9001152321781,0.9995481371879578
26,45.45262365460763,2.2843322646256703,0.999797523021698,37.81206640358713,323.4456634817911,0.99978107213974,28.606246183711114,58.275073615965454,0.999797523021698,143.70997977465487,322.4401572197246,0.9998880624771118,143.6488961950794,333.8665152698502,0.9998880624771118
27,45.98091012341311,2.258073309624158,0.9990360736846924,38.16465505692505,323.83713876354784,0.9993810653686523,28.65413966164043,58.12050299606209,0.9990360736846924,133.5575551115738,325.2892004402131,0.9999274015426636,135.2058054060368,337.50950141073565,0.9999274015426636
28,45.42335345630654,13.009582585663082,0.9996498823165894,34.9661426711648,336.2069584555288,0.9995799660682678,27.24754942050999,63.25225342126064,0.9996498823165894,130.98388455973912,330.37334357110603,0.9999634027481079,132.44130654572817,342.2305542237242,0.9999634027481079
29,43.071526006186446,25.61783186738201,0.9996154308319092,35.29551197547433,339.56059977075944,0.9997840523719788,31.480662438214164,79.44958395855458,0.9996154308319092,132.25243988538077,336.68381827631435,0.9999173879623413,129.0031176633361,350.45224068127055,0.9999173879623413
30,43.17328869623782,41.707869649268794,0.9995208978652954,33.205605204276765,356.4069744591805,0.9996731281280518,30.818994222092094,91.69101759010294,0.9995208978652954,135.47519568566287,342.2396218898516,0.9999256134033203,128.54022894258594,355.3058349757489,0.9999256134033203
31,40.043181776480296,57.17076341922997,0.99888676404953,30.99751304545497,22.000861064603612,0.9996848106384277,23.13020729403967,107.6973441124252,0.99888676404953,141.37153747812468,349.4447262036982,0.9999278783798218,132.0045028672859,358.3237343394003,0.9999278783798218
32,43.6078617175467,61.66446171712858,0.9997537732124329,32.370474662792674,20.857010755326215,0.9996345043182373,28.505680724433947,109.57704048638118,0.9997537732124329,141.98163199341792,351.90606430639104,0.9997393488883972,131.19563223558217,3.000463865933553,0.9997393488883972
33,47.89972633024892,63.62409125805964,0.9997358918190002,40.287602389032905,20.49892374938323,0.9997939467430115,33.17453736644276,119.73990953457275,0.9997358918190002,146.9871618792946,355.78717711527617,0.9995906949043274,131.3732847535466,7.878235738893195,0.9995906949043274
34,46.68577404334854,69.02365113806817,0.9992208480834961,39.06404515975322,28.336053823999087,0.9999328851699829,30.65573009983437,125.19931564110303,0.9992208480834961,149.52657695876755,0.5889784651892533,0.9998639822006226,134.5020171336308,11.400922080708094,0.9998639822006226
35,43.82830282862009,73.39300064131498,0.999911904335022,37.78896378533733,32.6009867298051,0.9998537302017212,29.001969610767404,131.74154132197287,0.999911904335022,153.90720863244107,4.657586238828625,0.9997449517250061,138.36749686860333,14.283217245560396,0.9997449517250061
36,45.63178388351086,68.35469084356451,0.999030351638794,43.27078423628023,28.23291081191022,0.999924898147583,30.575769968450274,134.13430925612874,0.999030351638794,150.62835364257944,8.07964700982436,0.9993900060653687,134.9166042754911,18.63690691913486,0.9993900060653687
37,44.546241416803,65.94088210787174,0.9999217987060547,43.03240867014808,27.467469625730796,0.9999042749404907,28.8900555253937,133.8683627804891,0.9999217987060547,148.40898332596265,11.834994922280154,0.9996148347854614,135.32007693557412,22.262276560715275,0.9996148347854614
38,48.13004182193493,72.31728191356399,0.9999039173126221,40.68884389207778,32.08749658359408,0.9999494552612305,31.334148606974175,129.31745410570127,0.9999039173126221,150.5549300796174,14.904797698250931,0.999672532081604,140.53138052541743,26.619228471837282,0.999672532081604
39,45.77439781781852,77.83951064649168,0.9998928308486938,39.34921260828696,38.57122212705136,0.9999600648880005,29.235808897125494,136.25917344183122,0.9998928308486938,147.93264817605163,22.152977889244287,0.9993485808372498,138.58551620730336,33.25525232846272,0.9993485808372498
40,45.49642726068988,87.74652267928244,0.9994955062866211,35.63844259986626,49.2983713282767,0.9995369911193848,28.289960335092566,139.31245227599558,0.9994955062866211,143.93939493226594,29.43811950705061,0.9998823404312134,136.93145704876028,40.64163095363258,0.9998823404312134
41,38.83722532243302,100.52913460782948,0.9990022778511047,32.31193325876266,55.419095464331214,0.9999356269836426,27.948129200295433,155.52219548603622,0.9990022778511047,149.59101816289962,37.80131856810094,0.9998645782470703,138.81304058751675,48.06787696132336,0.9998645782470703
42,36.15999341125374,113.25222044089524,0.9992353916168213,33.45188348984619,74.21699413114646,0.999634861946106,23.396743578167236,177.4713819377257,0.9992353916168213,155.57115115623054,44.671573176270606,0.9998306035995483,140.72550701873348,51.67847178510508,0.9998306035995483
43,32.84278648638281,115.86149075527982,0.9996789693832397,30.63978728493162,79.33148347899555,0.999742329120636,20.005911827135023,181.594130160206,0.9996789693832397,147.43020190399986,47.79520281022636,0.9996033310890198,134.36168284427808,53.964644212010434,0.9996033310890198
44,35.41892284140867,118.41883533742565,0.9994743466377258,33.190062960284855,83.77432852640845,0.9959624409675598,20.538543533848408,185.1501329210836,0.9994743466377258,144.27673019711793,48.74641762167871,0.9998546838760376,130.17511441406248,54.99245862303146,0.9998546838760376
45,35.518742844707624,116.04866878376295,0.9997716546058655,30.396133771850877,81.15770986925615,0.9996774196624756,20.356471854921406,174.71250448111823,0.9997716546058655,140.47574589355028,50.04672467556953,0.9999159574508667,129.98006496370397,57.447618285914345,0.9999159574508667
46,34.76266672155152,116.67133732623493,0.9997099041938782,30.76301822158422,83.61103453801894,0.9972203969955444,19.033576989844686,178.51933134136138,0.9997099041938782,142.3009193794996,51.89103332388393,0.9998346567153931,131.83298693573983,58.54457571386882,0.9998346567153931
47,36.92526370971894,104.66555024040704,0.9995228052139282,30.524296544812596,70.11218276003486,0.9995948672294617,20.943338562940955,160.42054083435985,0.9995228052139282,145.640693289296,54.33123779349496,0.9996296167373657,141.2770244823267,62.520099315077246,0.9996296167373657
48,37.283384974727525,92.9595451940815,0.9997699856758118,34.137628808271046,54.88694100245228,0.9987276196479797,23.484225860322688,156.64855895103594,0.9997699856758118,148.90520526596046,55.70973878013332,0.9997938275337219,146.27751576460687,64.7790195891813,0.9997938275337219
49,41.75819836540885,94.19711493644277,0.9997654557228088,39.61917659450477,52.935623800427166,0.9996193647384644,28.742617945433466,159.57263611574155,0.9997654557228088,147.2340789998398,60.41844775416366,0.9997853636741638,145.45615388009324,71.66823002607116,0.9997853636741638
50,43.52263507129416,93.69131485583875,0.9998251795768738,41.228500296887226,51.10088305776413,0.9999386072158813,30.853491575737078,158.42353039401326,0.9998251795768738,145.3866922021282,63.727068436016786,0.9997013211250305,146.13240337991542,75.8743232249338,0.9997013211250305
51,46.273535835282225,93.56502748489217,0.9999107122421265,43.88995072554419,54.37782859768932,0.9998742341995239,30.319266247151653,159.72398930347532,0.9999107122421265,148.09142592140824,65.53239204724866,0.9999246597290039,148.97637177615553,77.24325316056544,0.9999246597290039
52,48.30192057456334,92.65487886320825,0.999904990196228,45.78004451867719,54.703653379525896,0.9999068975448608,30.68504023197802,159.22176428541894,0.999904990196228,151.1880227896221,66.3939835715431,0.9998888969421387,152.77973634131502,77.96605450825425,0.9998888969421387
53,50.241669580463,88.69116100771821,0.9999649524688721,49.10808257848197,52.525637829703655,0.9999524354934692,30.856035407852385,158.60702805576454,0.9999649524688721,143.74728500416253,66.51264185857751,0.9998162388801575,145.91497941046234,78.71262965136677,0.9998162388801575
54,52.45594694274224,86.98044117828279,0.9999880790710449,49.88327878138144,51.649576782017455,0.9999470710754395,31.152279227692205,154.80177414681302,0.9999880790710449,134.21770905913652,66.19449293243683,0.9996482133865356,138.52114127307937,79.18710650882642,0.9996482133865356
55,48.69973111378909,85.71134210510091,0.9999901056289673,48.32328162945399,50.247498593494186,0.9999334812164307,29.551870828099144,157.28420984206792,0.9999901056289673,130.95395330697508,67.77014154619012,0.9998524188995361,134.49123700938682,80.46290113322137,0.9998524188995361
56,48.8590886559367,85.78035079465528,0.9999696016311646,49.39082543995915,48.49072727352006,0.9999421834945679,31.41458455620654,158.05449437649358,0.9999696016311646,130.47752688699816,69.96397794093717,0.9998488426208496,135.21988253333402,83.39020842766686,0.9998488426208496
57,45.407405877092195,82.22351554984901,0.9999189376831055,46.41625471618982,43.523326500091535,0.9999603033065796,30.439686904213307,154.6653739871312,0.9999189376831055,131.3876455674425,73.1713585862452,0.9998623132705688,139.18481169450098,85.66282298341542,0.9998623132705688
58,45.29203994934213,83.73162216408878,0.9999446868896484,45.71695109589568,45.29296858496359,0.9999569654464722,29.961497870531804,155.27959376228594,0.9999446868896484,136.0152041122019,72.11740471552032,0.9998877048492432,142.71724493623117,84.14851838650443,0.9998877048492432
59,43.53492383753816,87.22060859997423,0.999982476234436,45.84202857941697,48.218918716773786,0.999972939491272,29.915037257663986,161.8887259170802,0.999982476234436,142.62964718056855,70.75590239128522,0.9998384714126587,145.15307700559816,82.6470352344129,0.9998384714126587
60,39.20050948983156,85.90972910353479,0.9999550580978394,43.40486897674482,42.91209986112254,0.9999744892120361,30.525074794859254,161.77371662879105,0.9999550580978394,145.18354141780546,69.97131193783733,0.999911904335022,147.41526561840857,81.91593270834797,0.999911904335022
61,36.38445016595641,86.98399017948032,0.9999107122421265,39.35430919935158,44.8615370706771,0.9999315738677979,27.35862590476771,161.73687153781995,0.9999107122421265,143.12355199420662,68.57025844745017,0.9998824596405029,144.22290187917608,79.4884481754628,0.9998824596405029
62,31.03059686969514,82.74491325279752,0.9998723268508911,36.26712106537895,37.006409046659485,0.9999748468399048,26.595209667283022,160.32814187217087,0.9998723268508911,145.8245427504016,67.23355956189911,0.9998621940612793,146.81067462989796,77.65510214609657,0.9998621940612793
63,30.50934570226425,76.66004986559305,0.9999487400054932,35.8603254489759,29.584883417450875,0.9999701976776123,26.95494482390303,153.60867608187385,0.9999487400054932,143.41906823937188,66.17241760026856,0.9998728036880493,147.11031096184163,76.71965317640078,0.9998728036880493
64,32.30548126689031,71.51281383495007,0.9999456405639648,40.09498559867461,27.234457161753195,0.9999817609786987,28.222553449153946,154.18594411640993,0.9999456405639648,145.92031775969465,64.99931765341192,0.9998750686645508,149.01735903862098,75.91545256155848,0.9998750686645508
65,31.298575950398366,71.09619287348276,0.9995076656341553,36.480000038796305,27.726782814084054,0.9999709129333496,25.50271576404799,150.29385711725948,0.9995076656341553,145.19163283058094,63.87650516829608,0.9998304843902588,148.975700950087,73.7138959478615,0.9998304843902588
66,34.11906107306688,76.36013728078102,0.9998047947883606,38.900361146469116,31.449884754254843,0.9999704360961914,28.23835031922794,152.9077344632843,0.9998047947883606,147.68348989385305,62.125243957504026,0.9998348951339722,149.97970610613626,72.97671019068365,0.9998348951339722
67,33.698308109510215,79.5344965540469,0.9999749660491943,37.66150237710996,33.18208289444154,0.9999758005142212,28.319719139231037,153.74993494406888,0.9999749660491943,149.94084524839178,61.53230390446955,0.9997461438179016,151.51119168104862,72.29694277302633,0.9997461438179016
68,33.60445963656621,79.19405975657978,0.9999527931213379,38.00570054429845,34.41636493575703,0.9999833106994629,27.57753159626631,155.29104864812123,0.9999527931213379,150.71759664526112,62.86042235626889,0.9998418092727661,152.0650161187724,73.29952692121867,0.9998418092727661
69,33.880714915841615,80.64378224266089,0.9999028444290161,36.47329813592072,36.22722744255285,0.999901294708252,26.700132234876826,153.5931718214054,0.9999028444290161,147.98061170485022,64.83350743607929,0.9998231530189514,150.93777385781792,75.02004687423367,0.9998231530189514
70,36.05129466501916,88.68575884064536,0.9996743202209473,34.76208415533306,41.800378375862714,0.9999483823776245,28.196617802587674,152.83890890975337,0.9996743202209473,149.29427700567237,64.89323682161086,0.9998225569725037,152.92362109186655,75.51152944498902,0.9998225569725037
71,34.72748517980276,89.44303225938891,0.9999550580978394,33.50695219176354,41.773546550716944,0.9999741315841675,27.5961311812998,153.28967676126598,0.9999550580978394,155.34186963541757,64.80286483979384,0.9998038411140442,158.48989929826087,74.82673575719939,0.9998038411140442
72,24.86264971854358,87.17018021329037,0.9996397495269775,29.752599924642666,29.938651608049287,0.9999221563339233,26.506961710590254,157.87417876585448,0.9996397495269775,157.59999634549553,63.850880331223735,0.9998664855957031,157.96890147843357,73.48669736941551,0.9998664855957031
73,24.067122207246417,78.92037837187728,0.9998016953468323,28.683530326433495,16.74672900032032,0.9999351501464844,27.522504610767836,146.09228391781016,0.9998016953468323,149.5383926778139,61.341029369597535,0.9997027516365051,154.50637787034347,71.55850482512423,0.9997027516365051
74,31.316573661334775,50.788495092804446,0.9998778104782104,39.91085616581772,11.274313203431968,0.9999411106109619,25.399509034617214,139.60037814863003,0.9998778104782104,141.9598408543459,55.58879256608714,0.9996107220649719,146.7994548893186,65.49743220369403,0.9996107220649719
75,35.105581596529106,43.4525690299817,0.9996833801269531,42.607694670846975,7.072888268379389,0.999549925327301,25.284767708530577,131.63503463890427,0.9996833801269531,140.85454235106988,52.635431310120765,0.999895453453064,147.77852579189866,62.30438655641635,0.999895453453064
76,34.35045274233288,41.74465725687519,0.9998677968978882,38.81200395355653,5.519639055106897,0.9992756247520447,23.13694298559354,124.19284847913062,0.9998677968978882,139.42959630802068,52.032026518702445,0.9998658895492554,148.16362962813847,60.580726106897025,0.9998658895492554
77,33.36566058737916,41.85478241616576,0.9999428987503052,41.515458579859356,6.872878732818034,0.9994414448738098,23.810402243223187,133.4174842625527,0.9999428987503052,142.24085176951883,51.4506500183471,0.9998358488082886,147.46519590025983,60.65059029010625,0.9998358488082886
78,35.51984326973132,45.996296504825956,0.9998631477355957,43.609295068326766,10.718798975129014,0.9990211725234985,25.186114556867942,136.18110036700094,0.9998631477355957,141.62101929367577,50.56299190118856,0.9996942281723022,145.72543042921646,60.486162453532714,0.9996942281723022
79,38.33904654381662,49.937653331384446,0.9998074173927307,44.66730550384876,15.647435614381237,0.999492883682251,25.205780651923263,136.67358576107026,0.9998074173927307,139.6257878028873,51.56923485142449,0.9997721314430237,143.98398573767983,61.61419793477941,0.9997721314430237
80,37.57080771935939,52.166921905911146,0.9998010993003845,43.65638490715994,17.18943796438096,0.9997528195381165,25.090849235827147,138.0535937997894,0.9998010993003845,135.8474727021676,53.6230658688774,0.9998574256896973,140.51939282996284,63.859758160132934,0.9998574256896973
81,40.08580785446773,54.21712286905976,0.9998598098754883,46.87742541654664,16.93560444721288,0.99989914894104,28.531581244640776,138.6116678700538,0.9998598098754883,133.16734873042589,55.527471862175844,0.999797523021698,139.50838164944204,67.24150692480994,0.999797523021698
82,42.478964857035706,58.41128826948159,0.9999107122421265,48.18157578788045,22.638616352609574,0.9999661445617676,28.36848151212086,141.553818471263,0.9999107122421265,131.18611643681356,57.169594630386264,0.9998611211776733,136.90480988137352,69.07044233017328,0.9998611211776733
83,44.157729351499874,61.80684737369511,0.9998779296875,48.59664032043336,25.239195171911422,0.9999551773071289,29.40296867606216,141.76455336996247,0.9998779296875,127.75938761437286,57.52888420431604,0.9998669624328613,133.94618072713456,70.1441537422944,0.9998669624328613
84,42.25783855949678,71.40529087912077,0.9999039173126221,46.280008247815466,29.98785699481325,0.999894380569458,31.53374650112919,147.54886912437001,0.9999039173126221,126.77174211317455,57.81708263356639,0.9998584985733032,130.77797489806028,71.76983308889059,0.9998584985733032
85,41.77419153650243,82.52620188014387,0.99985671043396,47.22527556788596,41.90597293028318,0.9999750852584839,31.311963902084617,161.61260204783838,0.99985671043396,122.94471114976922,59.55433447542013,0.9998655319213867,120.36366841353919,74.29264967120537,0.9998655319213867
86,42.70888877102561,89.47231911177934,0.9998252987861633,42.63256456105683,49.572442698319925,0.9999837875366211,29.118503754342232,159.38121166530473,0.9998252987861633,120.88038352381255,60.86226772997767,0.9998353719711304,120.07129873746503,74.73903918542752,0.9998353719711304
87,43.038011050945315,91.03035974021039,0.9998844861984253,42.117453389318534,50.90847350210717,0.9999862909317017,29.22277772231253,159.2737794177487,0.9998844861984253,119.9061085237625,61.46275468024449,0.9998109936714172,119.49484396726108,75.4841138942448,0.9998109936714172
88,42.83936332551312,94.59186421833229,0.9999388456344604,43.70863222455157,55.01316265181648,0.9999808073043823,29.313366008036674,166.4014495035315,0.9999388456344604,119.62256237160082,62.86025868837661,0.9998032450675964,116.30459054885773,77.04406583468035,0.9998032450675964
89,41.13098657132694,105.76326542921035,0.9999799728393555,42.68391027267539,63.01091845540119,0.9999641180038452,30.583862797784057,177.0972138157106,0.9999799728393555,120.2632363561902,64.24049668075814,0.9997578263282776,111.98773984607091,78.81602600134734,0.9997578263282776
90,39.25949954637161,116.86348511413962,0.9992159605026245,41.759433710562654,72.528874505085,0.999824583530426,30.656990684443464,189.02716482151044,0.9992159605026245,122.02622247330244,69.50333973644148,0.9997695088386536,110.19651555635461,83.51258714675569,0.9997695088386536
91,32.00916607555627,147.77512365381543,0.9999499320983887,26.625176645745604,92.30948845045938,0.9995606541633606,27.69847112915339,200.13528746422588,0.9999499320983887,123.79666788321101,73.67665482526878,0.9998294115066528,109.62450714528266,85.40176241232957,0.9998294115066528
92,29.724578516936074,156.6643646069586,0.9998430013656616,25.93410498463534,98.54936009826717,0.9992766976356506,27.235009202930296,210.61901950437056,0.9998430013656616,124.92304638483101,78.36446711073499,0.9997794032096863,108.49862832374413,89.07189405822812,0.9997794032096863
93,32.11914350919528,162.14230584233133,0.9999086856842041,27.777401465161162,111.68410316887065,0.9995323419570923,25.83057655962421,218.16735314105892,0.9999086856842041,125.16135474530212,82.85231010218625,0.9998100399971008,108.32993275292897,92.50500197321261,0.9998100399971008
94,38.4243308655034,171.6590364443787,0.999255359172821,28.190420258360426,121.6932661274917,0.9999512434005737,29.62440279094008,218.42803779486084,0.999255359172821,126.72134610530237,87.93314827926869,0.9998179078102112,109.81940034523498,99.77080922414102,0.9998179078102112
95,40.9048591243292,175.63719816732777,0.9995332956314087,32.23097819769639,131.04064288650628,0.9997506737709045,28.886964365463804,227.20902685882788,0.9995332956314087,128.95080921760476,94.08792687127414,0.9998364448547363,111.22220507353312,105.01588442718901,0.9998364448547363
96,45.66113082467543,180.83971266111413,0.9981666803359985,34.76837331699754,135.63720086513666,0.9998824596405029,32.50499468589623,230.21692371015465,0.9981666803359985,129.7086505148961,99.87442780661293,0.9998687505722046,111.45482193913055,112.71780809870292,0.9998687505722046
97,43.3158488083893,186.34109361117137,0.9997619986534119,34.935541882263045,139.21316940792144,0.9999374151229858,32.21205804621922,238.9810582161861,0.9997619986534119,135.28930723937623,107.0865890370125,0.9998432397842407,116.27846665073791,118.98698017194256,0.9998432397842407
98,42.8642406503302,185.3590487911025,0.9996403455734253,38.38244234286062,134.76841328757814,0.9998375177383423,34.951090197138534,243.40614480040972,0.9996403455734253,138.58919470094062,112.12362410756589,0.9998955726623535,118.47731723739656,124.93159125127173,0.9998955726623535
99,39.37416061003625,172.19877532048272,0.9993150234222412,41.66490225733572,125.89392201008711,0.999897837638855,31.932365271846834,242.82830850432958,0.9993150234222412,139.1365879679697,118.07872644753469,0.9999125003814697,123.74883146815165,130.3194990731092,0.9999125003814697
100,37.1258690092159,164.71309899003714,0.9996867179870605,41.98043453699626,121.31181079387207,0.9999300241470337,29.59585416820189,241.77869947743653,0.9996867179870605,140.42915360246536,123.39701651340607,0.9997312426567078,129.01587585312348,135.0406355407866,0.9997312426567078
101,37.557366729039565,170.59389514823326,0.9960957169532776,38.28959126333153,124.42703875875874,0.9999181032180786,29.74502511652715,238.80808479377401,0.9960957169532776,139.51991178748207,127.5223521941669,0.9999154806137085,131.67192529204303,139.6735303328568,0.9999154806137085
102,37.358179205978814,169.50738293216173,0.9986110925674438,38.44766296732562,123.17249338872789,0.9996691942214966,29.840319033415415,238.26350225965973,0.9986110925674438,139.14016219270215,133.12776728869255,0.9999233484268188,134.47009671372484,145.49708988384876,0.9999233484268188
103,35.420305277473965,172.98170058167597,0.9861834049224854,34.75631513983274,124.71232699319897,0.9997077584266663,28.70042545636609,237.63724497999345,0.9861834049224854,136.38502516570443,137.97720635406617,0.9998533725738525,134.57686711210565,150.11363848081473,0.9998533725738525
104,35.07595773529879,174.76866680205418,0.7114709615707397,35.352778979375664,130.79970768169525,0.9997413754463196,26.36662896441972,243.34199901233393,0.7114709615707397,141.51910028151164,142.7960356771449,0.9997444748878479,139.12939395597948,153.5335774140262,0.9997444748878479
105,35.330294002390545,177.07276725445286,0.795897901058197,34.55568252988378,132.76687974276737,0.9996833801269531,26.362385757053087,243.3603746192951,0.795897901058197,141.72498727012822,145.00274366005814,0.9998608827590942,140.3382368704874,155.71366887838343,0.9998608827590942
106,44.45297570308052,186.5243284574304,0.5808932781219482,40.91555979567938,153.0979945648032,0.9999094009399414,24.78300767201638,251.95388734178252,0.5808932781219482,139.90006842871023,145.7995641125596,0.9998146891593933,135.11821074237588,155.94661562365127,0.9998146891593933
107,45.13282438971915,204.74580690176225,0.7974801063537598,42.437616685865606,173.00235578396644,0.9997896552085876,24.089071454277917,272.6959663160118,0.7974801063537598,136.39138828304442,149.9795210040229,0.9998272061347961,125.02536841851794,159.30873151884086,0.9998272061347961
108,43.348963148108965,218.20211056588857,0.9954826831817627,37.16980705943013,173.8519509668942,0.9999572038650513,30.924847961608947,275.3639811841099,0.9954826831817627,138.0574694882478,152.97050893373884,0.9999184608459473,124.26466908906545,165.10088780053104,0.9999184608459473
109,43.98485143022089,230.82241667187034,0.998994767665863,32.106279570608365,181.84189004335454,0.9994630217552185,33.34360599791514,277.415256631675,0.998994767665863,137.6990414839641,156.49999641962737,0.99983811378479,123.91527315636206,169.8473899427552,0.99983811378479
110,47.56944246152877,240.10926426896003,0.9987032413482666,32.51703998864247,195.1804627927796,0.9993687272071838,33.614920340792985,283.20047833993766,0.9987032413482666,136.36778147270562,160.265543508892,0.9998175501823425,121.41510358239279,173.70189094008083,0.9998175501823425
111,43.81706909056083,242.4041602246998,0.9994296431541443,32.53054445514705,198.4273467555184,0.999448835849762,30.441528192526185,290.30771148509325,0.9994296431541443,131.65372627788008,168.07484674924288,0.9998981952667236,118.25498162590746,180.6518014009772,0.9998981952667236
112,39.29522050428997,244.33790075974764,0.9992793202400208,28.889308234743535,202.54042339378435,0.998522937297821,26.193389404732883,291.653416429752,0.9992793202400208,131.17703959923674,175.67840340193692,0.9997981190681458,121.99894220064238,186.80711643081736,0.9997981190681458
113,39.61118943114761,247.90940263835438,0.9970884919166565,31.95786687442849,215.90763799092414,0.9753658771514893,21.055241423648557,301.45757426171053,0.9970884919166565,133.9351966907083,181.91593510728484,0.9997465014457703,124.90431200008406,190.34914120266794,0.9997465014457703
114,42.482584022294375,248.91158056547403,0.9997531771659851,33.18746008723065,208.1398209696275,0.9981537461280823,27.761690644726798,300.2344194845052,0.9997531771659851,136.75081800521957,186.4425340058743,0.9998986721038818,128.09533764453394,197.88060496675308,0.9998986721038818
115,45.49002372703044,246.05361767245716,0.9989131689071655,37.87703397319114,206.0430802144127,0.9997065663337708,29.4038875776711,301.96763073440064,0.9989131689071655,139.41913590285859,191.93002882085548,0.999903678894043,132.26121674852322,203.98555262480062,0.999903678894043
116,41.63446581162339,247.5124390780428,0.9997153878211975,37.670134450078635,201.67135786451863,0.9997212290763855,31.1005913604582,307.8496002486304,0.9997153878211975,142.63443163047472,194.33249128313682,0.9998619556427002,133.31048218349636,206.68450135445264,0.9998619556427002
117,45.42098435649153,245.93670998503492,0.999862790107727,42.58351192739141,201.70552675005234,0.999524712562561,33.23573338646758,309.28469377577125,0.999862790107727,141.57214295709295,195.14640612343436,0.9999443292617798,131.5254691888464,208.47874428121145,0.9999443292617798
118,46.682649875317644,243.00874083271174,0.9999270439147949,44.37060442356351,202.74634752299065,0.9998112320899963,31.41298269616719,308.9149584651114,0.9999270439147949,136.9696561352014,195.52773473855675,0.9999322891235352,127.79540713484504,208.56660973354911,0.9999322891235352
119,48.74692925693089,242.65264087981933,0.9994205236434937,48.29400908258665,201.9015627027582,0.9998958110809326,33.78959239758598,311.55713584567644,0.9994205236434937,138.8630370386601,196.55868287761106,0.9999104738235474,128.29245291720187,210.36885278533757,0.9999104738235474
120,49.30044696255897,238.31881469725886,0.9992861151695251,49.61513298966986,196.93677771117055,0.9998595714569092,34.95090385767603,308.11039956570215,0.9992861151695251,137.47061040818497,197.4162513081169,0.9998899698257446,129.32113408699192,212.06111481046028,0.9998899698257446
121,48.240591232473484,235.76835324903294,0.9991994500160217,49.26150347680865,194.2555435423749,0.9992874264717102,34.5674952963025,306.5944871971149,0.9991994500160217,130.29426865872423,199.37102019662396,0.9999778270721436,124.51617361184898,214.74780603950595,0.9999778270721436
122,50.56641249821075,232.06814060738986,0.9992075562477112,52.38558858370016,193.29413684423506,0.999121367931366,34.217679349447735,305.5557421575088,0.9992075562477112,124.28660921456783,200.34771996615103,0.9999562501907349,119.94492761819271,216.32688251612623,0.9999562501907349
123,53.01568999327414,226.5633059884599,0.9996589422225952,54.48800962410704,191.28070594040182,0.9993224143981934,32.609935675610146,301.387984173392,0.9996589422225952,116.68666988382898,201.73805951447738,0.9999701976776123,115.77344469939949,217.8601295019078,0.9999701976776123
124,51.194813968517515,226.94694819355948,0.9996892213821411,53.17531923980363,189.12803780273018,0.9998434782028198,33.875452474645186,301.2080895362243,0.9996892213821411,115.5824532049546,201.3133970103793,0.9999432563781738,114.72235723483395,218.22463155335282,0.9999432563781738
125,51.23085015061761,226.84780673768566,0.9997935891151428,51.975399138835456,189.30238469864975,0.9998078942298889,33.220777269580545,299.29099661831725,0.9997935891151428,113.8558081078146,200.66547385537774,0.9999364614486694,113.71998415441266,217.45302634129604,0.9999364614486694
126,50.258508543166,228.04360130120008,0.9997578263282776,49.8917710279865,189.69455267314174,0.9996849298477173,32.89585381013848,298.26574390038854,0.9997578263282776,113.05543286243645,197.25434351948482,0.9998708963394165,111.54800326305961,214.08079417585304,0.9998708963394165
127,47.821534110537144,228.28959914823582,0.9995809197425842,45.84264733318532,185.12818422326308,0.9991424083709717,34.49986998316969,293.6513760174235,0.9995809197425842,115.07253712998009,194.59939512872037,0.9999498128890991,114.8160695247481,211.86113711571798,0.9999498128890991
128,44.41631648824059,226.5794849319969,0.9999575614929199,42.54934596157505,187.08459634476156,0.9997979998588562,29.435994194940672,293.4097454878003,0.9999575614929199,117.01107587708195,195.64971981754053,0.9999439716339111,116.73872998242777,210.1179788840717,0.9999439716339111
129,43.2263380105023,228.27292275246356,0.9995245933532715,40.80462213409185,187.38917484654453,0.9985252022743225,29.435994194940672,293.4097454878003,0.9995245933532715,117.9341464195435,195.52412805989118,0.999911904335022,117.56864836502886,209.88363429300742,0.999911904335022
130,40.76834529569597,232.30911820973097,0.9991645812988281,36.99494748917138,188.15503251132063,0.9982361793518066,29.435994194940672,293.4097454878003,0.9991645812988281,118.13113803255007,195.4975895790031,0.9997797608375549,117.74594751689666,209.83406925526998,0.9997797608375549
